{
  "schema_version": 1,
  "frame_index": 2451,
  "detected_marker_ids": [],
  "markers_camera_frame": {},
  "anchor_marker_id": 0,
  "anchor_pose_camera_raw": null,
  "camera_pose_housing_raw": null,
  "camera_pose_housing_filtered": {
    "p": [
      0.6043146319147725,
      1.0629549476475524,
      0.11446878480353201
    ],
    "q": [
      -0.34606714196851196,
      0.5730400935176515,
      -0.31651360913433796,
      -0.6720727041799738
    ],
    "T": [
      [
        0.14288837290807355,
        -0.8220610091954005,
        -0.5511792902933881,
        0.6043146319147725
      ],
      [
        0.02881961960731061,
        0.5601133369650027,
        -0.8279145362171263,
        1.0629549476475524
      ],
      [
        0.9893191307224243,
        0.10241458350532462,
        0.10372516894205408,
        0.11446878480353201
      ],
      [
        0.0,
        0.0,
        0.0,
        1.0
      ]
    ]
  },
  "node9_pose_camera_raw": null,
  "node9_pose_housing_raw": null,
  "node9_pose_housing_filtered": null
}